<INSERT_TEMPLATE_INFO version="4.0" encoding="UTF-8">
	<TEMPLATE>
		<BODY_DETECTION image_index="0" mask_name="figure_0" version="2" />
		<SKIN_DETECTION image_index="0" mask_name="skin_0" />
		<HAIR_DETECTION image_index="0" mask_name="hair_0" />
		<HEAD_DETECTION image_index="0" mask_name="head_0" />
		<BASIS>frame0_basis_0_uv.png</BASIS>
		<INSERTIMAGE id="0" layout="crop" comment="Copy of &quot;User image: FSQ head&quot; for HEAD mask" output_dynamic_mask="frame_0_dmask_head_out_uv_3" ratio="0.75" image_index="0" opacity="0">
			<methods_list>
				<method order="1">
					<name>masks_control</name>
					<params>src_mask=head_0;erode_size=0.8;smooth_radius=0.4;do_invert_mask=0;mix_mode=set;use_percent_values=TRUE;do_crop_mask=FALSE</params>
				</method>
			</methods_list>
			<POINTS>
				<TOPLEFT x_percents="0" y_percents="0" />
				<TOPRIGHT x_percents="1" y_percents="0" />
				<BOTTOMLEFT x_percents="0" y_percents="1" />
				<BOTTOMRIGHT x_percents="1" y_percents="1" />
			</POINTS>
		</INSERTIMAGE>
		<INSERTIMAGE id="1" layout="crop" comment="Copy of &quot;User image: FSQ skin&quot; for SKIN mask" output_dynamic_mask="frame_0_dmask_skin_out_uv_4" ratio="0.75" image_index="0" opacity="0">
			<methods_list>
				<method order="1">
					<name>masks_control</name>
					<params>src_mask=skin_0;erode_size=0.8;smooth_radius=0.4;do_invert_mask=0;mix_mode=set;use_percent_values=TRUE;do_crop_mask=FALSE</params>
				</method>
			</methods_list>
			<POINTS>
				<TOPLEFT x_percents="0" y_percents="0" />
				<TOPRIGHT x_percents="1" y_percents="0" />
				<BOTTOMLEFT x_percents="0" y_percents="1" />
				<BOTTOMRIGHT x_percents="1" y_percents="1" />
			</POINTS>
		</INSERTIMAGE>
		<INSERTIMAGE id="2" layout="crop" comment="User image: SQ Область Вписывания (Не удалять!) [uv]" ratio="0.75" image_index="0">
			<methods_list>
				<method order="1">
					<name>masks_control</name>
					<params>mix_mode=cls</params>
				</method>
			</methods_list>
			<POINTS>
				<TOPLEFT x_percents="0" y_percents="0" />
				<TOPRIGHT x_percents="1" y_percents="0" />
				<BOTTOMLEFT x_percents="0" y_percents="1" />
				<BOTTOMRIGHT x_percents="1" y_percents="1" />
			</POINTS>
		</INSERTIMAGE>
		<INSERTIMAGE id="3" layout="crop" comment="User image: FSQ figure" ratio="0.75" image_index="0">
			<methods_list>
				<method order="1">
					<name>masks_control</name>
					<params>src_mask=figure_0;erode_size=0.8;smooth_radius=0.4;do_invert_mask=0;mix_mode=set;use_percent_values=TRUE;do_crop_mask=FALSE</params>
				</method>
				<method order="2">
					<name>channel_shift</name>
					<params>horizontal_offset=2;vertical_offset=2;use_percent_values=TRUE</params>
				</method>
			</methods_list>
			<POINTS>
				<TOPLEFT x_percents="0" y_percents="0" />
				<TOPRIGHT x_percents="1" y_percents="0" />
				<BOTTOMLEFT x_percents="0" y_percents="1" />
				<BOTTOMRIGHT x_percents="1" y_percents="1" />
			</POINTS>
		</INSERTIMAGE>
		<INSERTIMAGE id="4" layout="crop" comment="User image: FSQ lines" blending="multiply" ratio="0.75" image_index="0">
			<methods_list>
				<method order="1">
					<name>masks_control</name>
					<params>src_mask=figure_0;erode_size=0.8;smooth_radius=0.4;do_invert_mask=0;mix_mode=set;use_percent_values=TRUE;do_crop_mask=FALSE</params>
				</method>
				<method order="2">
					<name>edge_detection</name>
					<params>strength=3;width=1;eroding=1;use_blur=TRUE</params>
				</method>
			</methods_list>
			<POINTS>
				<TOPLEFT x_percents="0" y_percents="0" />
				<TOPRIGHT x_percents="1" y_percents="0" />
				<BOTTOMLEFT x_percents="0" y_percents="1" />
				<BOTTOMRIGHT x_percents="1" y_percents="1" />
			</POINTS>
		</INSERTIMAGE>
		<INSERTIMAGE id="5" layout="crop" comment="User image: FSQ head" input_dynamic_mask="frame_0_dmask_head_out_uv_3" ratio="0.75" image_index="0">
			<methods_list>
				<method order="1">
					<name>masks_control</name>
					<params>src_mask=figure_0;erode_size=0.8;smooth_radius=0.4;do_invert_mask=0;mix_mode=set;use_percent_values=TRUE;do_crop_mask=FALSE</params>
				</method>
			</methods_list>
			<POINTS>
				<TOPLEFT x_percents="0" y_percents="0" />
				<TOPRIGHT x_percents="1" y_percents="0" />
				<BOTTOMLEFT x_percents="0" y_percents="1" />
				<BOTTOMRIGHT x_percents="1" y_percents="1" />
			</POINTS>
		</INSERTIMAGE>
		<INSERTIMAGE id="6" layout="crop" comment="User image: FSQ skin" input_dynamic_mask="frame_0_dmask_skin_out_uv_4" ratio="0.75" image_index="0">
			<methods_list>
				<method order="1">
					<name>masks_control</name>
					<params>src_mask=figure_0;erode_size=0.8;smooth_radius=0.4;do_invert_mask=0;mix_mode=set;use_percent_values=TRUE;do_crop_mask=FALSE</params>
				</method>
			</methods_list>
			<POINTS>
				<TOPLEFT x_percents="0" y_percents="0" />
				<TOPRIGHT x_percents="1" y_percents="0" />
				<BOTTOMLEFT x_percents="0" y_percents="1" />
				<BOTTOMRIGHT x_percents="1" y_percents="1" />
			</POINTS>
		</INSERTIMAGE>
		<AUTO_RESIZE min_size="-1" image_index="0" />
	</TEMPLATE>
</INSERT_TEMPLATE_INFO>